<?xml version="1.0" encoding="utf-8"?>
<install type="module" version="1.5.0">
  <name>Jolo Slider V2</name>
  <author>ThemeXpert</author>
  <creationDate>12/10/1020</creationDate>
  <authorEmail>support@themexpert.com</authorEmail>
  <authorUrl>www.ThemeXpert.com</authorUrl>
  <version>2.0</version>
  <copyright>This extension in released under the GNU/GPL License - http://www.gnu.org/copyleft/gpl.html</copyright>
  <description>
    <![CDATA[
            <h2>Jolo Slider,A Powerfull slideshow module</h2>
            <p>Jolo slider a powerfull slideshow module based on jquery nivoslider.</p>
            <h3>Requirement:</h3>
            <ul>
                <li>jQuery 1.4+</li>
            </ul>
            ]]>
  </description>
  
  <files>
  	<filename module="mod_joloslider">mod_joloslider.php</filename>
	<filename>index.html</filename>
	<filename>helper.php</filename>
	<folder>tmpl/</folder>
    <folder>assets</folder>
	<folder>elements</folder>
  </files>
  
  <params addpath="/modules/mod_joloslider/elements">
  	<param name="moduleclass_sfx" type="text" default="" label="Module Class Suffix" description="A suffix to be applied to the css class of the module (table.moduletable). This allows individual module styling." />
	<param name="module_id" type="text" default="" label="Module ID" description="Please assigna a uniqe ID for this module if you want to laod more then 1 slider in one page." />
    <param name="@spacer" type="spacer" default="" label="" description="" />
    <param name="jqloader" type="list" default="2" label="Load Jquery From" description="Select a method for loading jQuery.Google CDN-If you are using it on live site you can load jQuery from Google CDN,it will save some bandwidth.From Module Core-If you are running this module on testing environment and you have no internet connection then load it from Module Core.No-If your template already load jQuery then select No.">
        <option value="1">Google CDN</option>
        <option value="2">Module Core</option>
        <option value="0">No</option>
    </param>
    
    <param name="image_source" type="list" default="joomla" label="Image Source" description="Select Image Source">
        <option value="joomla">Joomla Article</option>
        <option value="image_dir">From Image Directory</option>
    </param>
    
    <param name="@spacer" type="spacer" default="&lt;div id=&quot;joomla-label&quot;  style=&quot;font-weight:normal;font-size:12px;color:#fff;padding:4px;margin:0;background:#666;&quot;&gt;Joomla Core Content&lt;/div&gt;" label="" description="" />
    
    <param name="catid" type="category" default="" label="Joomla Category" description="" />
    <param name="show_front" type="list" default="1" label="Joomla Frontpage Items" description="Show frontpage articles in this module">
            <option value="1">Show</option>
            <option value="0">Hide</option>
            <option value="2">Only Frontpage Items</option>
    </param>
     <param name="sort_order_field" type="list" default="created" label="Articles Sort Order By" description="Article were sorted order by your condition">
        <option value="created">DATE</option>
        <option value="ordering">ORDER</option>
        <option value="hits">HITS</option>
    </param>
    <param name="sort_order" type="list" default="DESC" label="Ascending OR Descending" description="After the above order is meet, the article will aslo be sorted by this condition. Eg: If you choose sort by 'DATE' above and set this to 'DESC' then the newest article will display first">
           <option value="ASC">ASC</option>
           <option value="DESC">DESC</option>
     </param>
    <param name="article_count" type="text" default="5" label="Max Number of Articles" description="Number of articles to display from the section/category" />
    
    <param name="show_article_title" type="radio" default="1" label="Show Title" description="Show the Article Title">
        <option value="1">Yes</option>
        <option value="0">No</option>
    </param>
    
      <param name="show_article" type="radio" default="1" label="Show Article Introtext" description="Show the Article Introtext">
        <option value="1">Yes</option>
        <option value="0">No</option>
    </param>
    <param name="show_title_link" type="radio" default="1" label="Show title link" description="Show link on article title">
        <option value="1">Yes</option>
        <option value="0">No</option>
    </param>
    <param name="link_image" type="radio" default="1" label="Link Image" description="Show Link on image. link will only work for joomla article.">
        <option value="1">Yes</option>
        <option value="0">No</option>
    </param>
    <!--<param name="show_date" type="radio" default="0" label="Show Date" description="Show Date">
        <option value="1">Yes</option>
        <option value="0">No</option>
    </param>-->
        <param name="introtext_charecter_limit" type="text" default="50" label="Introtext Max Length" description="Maximum Charecters of Article Introtext. Set 0 to ulimited" />
        
    <param name="@spacer" type="spacer" default="&lt;div id=&quot;image-label&quot;  style=&quot;font-weight:normal;font-size:12px;color:#fff;padding:4px;margin:0;background:#9a40b3;&quot;&gt;Image Directory&lt;/div&gt;" label="" description="" />
    
	<param name="image_dir" type="text" label="Images Source" default="images" description= "Give a relative image source like'images/slide',do not give absolute image path like:home/public_html/mysite/images/slide" />
	<param name="display" type="list" default="random" label="Display order" description="Should the images display in sequence or randomly?">
      <option value="random">Random</option>
      <option value="sequence">Sequence</option>
    </param>
    
	<param name="@spacer" type="spacer" default="&lt;div id=&quot;slider-label&quot;  style=&quot;font-weight:normal;font-size:12px;color:#fff;padding:4px;margin:0;background:#f57f1f;&quot;&gt;Slider Settings&lt;/div&gt;" label="" description="" />
	
    <param name="effect" type="list" default="random" label="Effect" description="Choose sliding effect from list">
		<option value="sliceDown">Down</option>
		<option value="sliceDownLeft">Down Left</option>
		<option value="sliceUp">Up</option>
		<option value="sliceUpLeft">Up Left</option>
		<option value="sliceUpDown">Up Down</option>
		<option value="sliceUpDownLeft">Up Down Left</option>
		<option value="fold">Fold</option>
		<option value="fade">Fade</option>
		<option value="random">Random</option>
	</param>
	<param name="slices" type="text" default="15" label="Slices" description="Set image slices" />
	<param name="animSpeed" type="text" default="500" label="Animation Speed" description="set animation speed milisecond" />
	<param name="pauseTime" type="text" default="3000" label="Pause Time" description="set pause time in milisecond" />
	<param name="startSlide" type="text" default="0" label="Start Slide" description="Set starting slide (0 index)" />
	
	<param name="directionNav" type="list" default="" label="Direction Navigation" description="set directon navigation (Next &amp; Prev) Yes or No">
		<option value="1">Yes</option>
		<option value="0">No</option>
</param>
	
	<param name="directionNavHide" type="list" default="1" label="Direction Navigation Hide" description="If you set Yes it will only show on hover">
		<option value="1">Yes</option>
		<option value="0">No</option>
	</param>
	
	<param name="controlNav" type="list" default="1" label="Control Navigation" description="Control Navigation like 1,2,3">
		<option value="1">Yes</option>
		<option value="0">No</option>
	</param>
	
	<param name="controlNavThumbs" type="list" default="0" label="Control Navigation Thumbs" description="Change Control Nav as Thumb">
		<option value="1">Yes</option>
		<option value="0">No</option>
	</param>
	
	<param name="keyboardNav" type="list" default="1" label="Keyboard Navigation" description="Use left and right arrow to navigate iamges">
		<option value="1">Yes</option>
		<option value="0">No</option>
	</param>
	
	<param name="pauseOnHover" type="list" default="1" label="Pause On Hover" description="Stop animation while hovering">
		<option value="1">Yes</option>
		<option value="0">No</option>
	</param>
	
	<param name="manualAdvance" type="list" default="0" label="Manual Transition" description="Force manual transitions">
		<option value="1">Yes</option>
		<option value="0">No</option>
	</param>
    
    <param name="@spacer" type="spacer" default="&lt;div id=&quot;advance-label&quot;  style=&quot;font-weight:normal;font-size:12px;color:#000;font-weight:bold;padding:4px;margin:0;background:#fae262;&quot;&gt;Advance Settings&lt;/div&gt;" label="" description="" />
    
    <param name="caption_background" type="text" default="transparent" label="Caption Background" description="Set caption background color. Set 'transparent' if you want transparency on background." />
	<param name="captionOpacity" type="text" default="0.8" label="Caption Opacity" description="Set caption opacity" />
    <param name="caption_position" type="list" default="bottom" label="Caption Position" description="Set Caption position">
        <option value="top">Top</option>
        <option value="bottom">Bottom</option>
    </param>
    <param name="caption_width" type="text" default="auto" label="Caption Width" description="Set caption width. You can set it auto to get full width" />
    
    <param name="thumb_v_position" type="list" default="bottom" label="Thumb Vertical Position" description="Set Thumbnail image vertical position. If you set Control Navigation Thumbs 'No' then it will act as Control Navigation list.">
        <option value="top">Top</option>
        <option value="bottom">Bottom</option>
    </param>
    
    <param name="thumb_h_position" type="list" default="right" label="Thumb Horizontal Position" description="Set Thumbnail image horizontal position. If you set Control Navigation Thumbs 'No' then it will act as Control Navigation list.">
        <option value="left">Left</option>
        <option value="right">Right</option>
    </param>
    <param name="thumb_style" type="list" default="1" label="Thumb Style" description="Select Thumb Style">
        <option value="1">Horizontal</option>
        <option value="2">Vertical</option>
    </param>
    <param name="thumb_width" type="text" default="70px" label="Thumb Image Width" description="" />
    <param name="thumb_height" type="text" default="70px" label="Thumb Image Height" description="" />
  </params>
  <params group="advanced">
        <param name="cache" type="hidden" default="0"/>
        <param name="module_cache" type="list" default="1" label="Caching" description="Select whether to cache the content of this module">
            <option value="1">Use global</option>
            <option value="0">No caching</option>
        </param>
        <param name="cache_time" type="text" default="900" label="Cache Time" description="The time before the module is recached" />
        
    </params>

</install>
